[
  {
    "key": 1,
    "name": "Owen Harris",
    "age": 22,
    "city": "London",
    "currentLocation": "Tel-Aviv",
    "desc": "Music, watching movies",
    "profilePic": "https://minimaltoolkit.com/images/randomdata/male/10.jpg"
  },

  {
    "key": 2,
    "name": "John Bradley",
    "age": 22,
    "city": "New-York",
    "currentLocation": "Tel-Aviv",
    "desc": "Playing Tennis, going to the theatre",
    "profilePic": "https://minimaltoolkit.com/images/randomdata/male/35.jpg"
  },

  {
    "key": 3,
    "name": "Laina Heikkinen",
    "age": 26,
    "city": "Berlin",
    "currentLocation": "Tel-Aviv",
    "desc": "Reading, watching movies",
    "profilePic": "https://minimaltoolkit.com/images/randomdata/female/10.jpg"
  },

  {
    "key": 4,
    "name": "Jacques Futrelle",
    "age": 35,
    "city": "Paris",
    "currentLocation": "Tel-Aviv",
    "desc": "Cooking and playing music",
    "profilePic": "https://minimaltoolkit.com/images/randomdata/male/12.jpg"
  },

  {
    "key": 5,
    "name": "William Hellen",
    "age": 33,
    "city": "Manchester",
    "currentLocation": "Tel-Aviv",
    "desc": "Yoga and reading books",
    "profilePic": "https://minimaltoolkit.com/images/randomdata/male/11.jpg"
  },

  {
    "key": 6,
    "name": "James Moran",
    "age": 31,
    "city": "Rome",
    "currentLocation": "Tel-Aviv",
    "desc": "Swimming and playing chess",
    "profilePic": "https://minimaltoolkit.com/images/randomdata/male/1.jpg"
  },

  {
    "key": 7,
    "name": "Elizabeth Bonnel",
    "age": 42,
    "city": "London",
    "currentLocation": "Tel-Aviv",
    "desc": "Playing a guitar and watching movies",
    "profilePic": "https://minimaltoolkit.com/images/randomdata/female/52.jpg"
  },

  {
    "key": 8,
    "name": "Marguerite Sandstrom",
    "age": 29,
    "city": "Amsterdam",
    "currentLocation": "Tel-Aviv",
    "desc": "Hanging out in bars and listening to music",
    "profilePic": "https://minimaltoolkit.com/images/randomdata/female/11.jpg"
  },

  {
    "key": 9,
    "name": "Nicholas Nasser",
    "age": 23,
    "city": "Athens",
    "currentLocation": "Tel-Aviv",
    "desc": "Baking and playing basketball",
    "profilePic": "https://minimaltoolkit.com/images/randomdata/male/14.jpg"
  },

  {
    "key": 10,
    "name": "Gosta Johns",
    "age": 33,
    "city": "Paris",
    "currentLocation": "Tel-Aviv",
    "desc": "Painting and theate",
    "profilePic": "https://minimaltoolkit.com/images/randomdata/male/22.jpg"
  }
]
